day,percentage,sales,expected,observed
Monday,0.05,49000,2450,0.06060606
Tuesday,0.05,49000,2450,0.08333333
Wednesday,0.05,49000,2450,0.03787879
Thursday,0.15,49000,7350,0.13636364
Friday,0.25,49000,12250,0.25
Saturday,0.3,49000,14700,0.31060606
Sunday,0.15,49000,7350,0.12121212