day,percentage,sales,expected,observed_sales,observed_percentage
Monday,0.05,49000,2450,4000,0.06060606
Tuesday,0.05,49000,2450,5500,0.08333333
Wednesday,0.05,49000,2450,2500 ,0.03787879
Thursday,0.15,49000,7350,9000 ,0.13636364
Friday,0.25,49000,12250,16500 ,0.25
Saturday,0.3,49000,14700,20500 ,0.31060606
Sunday,0.15,49000,7350,8000 ,0.12121212